,0
0,swift
1,jupyter
2,.net
3,next.js
4,reactjs
5,php
6,symfony
7,redis
8,rust
9,minio
10,redux
11,typescript
12,c++
13,docker
14,javascript
15,kotlin-coroutines
16,cassandra
17,rabbitmq
18,mysql
19,kotlin
20,kubernetes
21,node.js
22,apache-spark
23,dagger
24,apache-kafka
25,slim
26,c#
27,echo
28,cocoapods
29,python
30,go
31,mason
32,http
33,perl
34,smoothstreaming
35,node
36,streaming
37,css3
38,services
39,hds
40,java
41,maven
42,hadoop
43,android
44,sql
45,objective-c
46,javascript
47,js
48,web
49,spring
50,amd
51,r
52,selenium
53,requires.js
54,dojo
55,testng
56,underscore
57,jquery
58,junit
59,amazon
60,live
61,ipad
62,git
63,ant
64,cucumber
65,css
66,jsp
67,html5
68,ruby
69,sass
70,ios
71,rstudio
72,python
73,jrebel
74,angular.js
75,infrastructure-as-code
76,swift
77,ruby-on-rails
78,nlp
79,.net
80,postman
81,data-modeling
82,cisco
83,sql-server
84,machine-learning
85,cicd
86,cypress
87,api-gateway
88,f5
89,sql
90,supervised-learning
91,docker
92,aws
93,kotlin
94,kubernetes
95,devops
96,amazon-ec2
97,agile
98,octopus-deploy
99,css
100,c#
101,aws-lambda
102,imperva
103,teamcity
104,react-native
105,pyspark
106,python
107,swagger
108,saml
109,azure
110,software-design
111,alm
112,ansible
113,f5
114,google-cloud-platform
115,sql
116,hp-uft
117,octane
118,node.js
119,apache-spark
120,rest
121,c#
122,linux
123,adobe-commerce
124,vmware
125,oauth
126,influxdb
127,go
128,esxi
129,gitlab
130,perl
131,xml
132,bdd
133,unix
134,rspec
135,sql-server
136,redis
137,apache
138,docker
139,vcenter
140,apigee
141,mysql
142,selenium
143,adobe-experience-manager
144,wan
145,devops
146,apache-kafka
147,ruby
148,api
149,kanban
150,newrelic
151,amazon-web-services
152,redhat
153,cloudnit
154,shell
155,maven
156,ready-api
157,aws-cloudformation
158,ian
159,confluent-platform
160,spring-boot
161,scala
162,rackspace
163,pyspark
164,fabric
165,python
166,elasticsearch
167,ssh
168,terraform
169,java
170,cisco
171,php
172,jakarta-ee
173,c++
174,rdp
175,scrum
176,kubernetes
177,mulesoft
178,tdd
179,minitest
180,openai-api
181,json
182,amazon-elastic-beanstalk
183,okta
184,c#
185,swift
186,php
187,angular
188,sql
189,azure
190,javascript
191,docker
192,.net
193,servicebus
194,kotlin
195,react
196,java
197,kubernetes
198,mongodb
199,ansible
200,google-cloud-platform
201,c++
202,openshift-origin
203,elk
204,terraform
205,java
206,python
207,kubernetes
208,autosar
209,development
210,powershell
211,gdb
212,bash
213,java
214,simulink
215,matlab
216,windows
217,objective
218,canoe
219,c++
220,systems
221,canalyzer
222,cmake
223,embedded
224,lidar
225,agile
226,git
227,c
228,subversion
229,c#
230,canape
231,control
232,linux
233,ethernet
234,capl
235,software
236,python
237,angular
238,helm
239,flutter
240,hibernate
241,guidewire
242,azure
243,.net
244,postgres
245,node
246,terraform
247,react
248,java
249,ansible
250,android
251,sql
252,typescript
253,javascript
254,docker
255,spring
256,aws
257,kotlin
258,kubernetes
259,gcp
260,rest
261,bigquery
262,git
263,thoughtmachine
264,spark
265,mongodb
266,ios
267,scala
268,kafka
269,dlt
270,istio
271,python
272,swift
273,elasticsearch
274,angular
275,hibernate
276,azure
277,numpy
278,apache-flink
279,sdk
280,unix
281,plsql
282,java
283,maven
284,hadoop
285,jboss
286,ansible
287,prometheus
288,jakarta-ee
289,android
290,sql
291,cloud
292,wicket
293,docker
294,javascript
295,oracle
296,spring
297,cobol
298,mysql
299,r
300,scrum
301,jenkins
302,kubernetes
303,bigdata
304,apache-spark
305,continuous-delivery
306,elk
307,spring-boot
308,apache-kafka
309,eclipse
310,fitnesse
311,git
312,continuous-integration
313,openshift
314,elastic-stack
315,c#
316,database
317,java-ee
318,ios
319,scala
320,tomcat
321,automated-tests
322,business-intelligence
323,kanban
324,microservices
325,pandas
326,linux
327,html
328,etl
329,python
330,nodejs
331,azure
332,rpa
333,.net
334,sap-erp
335,reactjs
336,gerrit
337,java
338,expressjs
339,postgresql
340,tensorflow
341,redux
342,docker
343,oracle
344,r
345,azure-devops
346,powerbi
347,elk
348,s4hana
349,rest
350,git
351,entity-framework
352,amq
353,mongodb
354,c#
355,sap-fiori
356,influx
357,styled-components
358,microservices
359,devsecops
360,amazon-web-services
361,python
362,graphql
363,swagger
364,hibernate
365,accessibility
366,reactjs
367,terraform
368,java
369,corejava
370,redux
371,javascript
372,hashicorp-vault
373,spring
374,reduct-saga
375,jenkins
376,node.js
377,devops
378,spring-boot
379,redux-saga
380,restful
381,api
382,microservices
383,swift
384,springboot
385,graphdb
386,iks
387,react
388,java
389,redis
390,dynamodb
391,c++
392,javascript
393,js
394,docker
395,spring
396,aws
397,kotlin
398,rds
399,jenkins
400,kubernetes
401,play
402,k8s
403,argo
404,aurora
405,nosql
406,native
407,spark
408,mongodb
409,obj-c
410,c#
411,scala
412,tomcat
413,kafka
414,graphql
415,elasticsearch
416,lua
417,.net
418,reactjs
419,terraform
420,kubeflow
421,machine-learning
422,tensorflow
423,redis
424,pytorch
425,rust
426,android
427,computer-vision
428,c++
429,nomad
430,trino
431,node.js
432,consul
433,haproxy
434,approximate-nn-searching
435,apache-spark
436,machine-translation
437,apache-kafka
438,cockroachdb
439,c#
440,conversational-ai
441,ruby
442,ios
443,artificial-intelligence
444,hive
445,python
446,sql-db
447,elastic
448,angular
449,azure-cloud
450,javascript
451,html
452,css
453,cloudfront
454,sitecore
455,react
456,java
457,coveo
458,solr
459,golang
460,scala
461,devops
462,agilescrum
463,sql
464,aiml
465,javascript
466,apis
467,cloudawsazure
468,docker
469,spring-boot
470,kafka
471,java
472,jenkins
473,kubernetes
474,cicd
475,swift
476,asset-pipeline
477,backend
478,visual-studio
479,java
480,jetbrains-ide
481,android
482,google-cloud-platform
483,iphone
484,c++
485,cloud
486,objective-c
487,kotlin
488,xcode
489,unity-game-engine
490,serverless
491,c#
492,quarkus
493,ios
494,rendering
495,opengl
496,optimization
497,animation
498,shader
499,android-studio
500,.net
501,reactjs
502,react
503,postgresql
504,sql
505,javascript
506,zos
507,vert.x
508,chef
509,r
510,node.js
511,hbase
512,elasticsearch-dsl
513,elk
514,rest
515,agile
516,continuous-integration
517,spark
518,salesforce
519,c#
520,restful
521,linux
522,ibm
523,go
524,telemetry
525,unix
526,sql-server
527,machine-learning
528,redis
529,docker
530,mysql
531,jenkins
532,sas
533,nosql
534,css
535,ios
536,api
537,ai
538,hive
539,html
540,opentracing
541,amazon-web-services
542,golang
543,swift
544,hiveql
545,postgres
546,couchbase
547,hadoop
548,android
549,amazon-redshift
550,grpc
551,cassandra
552,aiml
553,swiftui
554,scala
555,tableau-api
556,pyspark
557,kafka
558,python
559,elasticsearch
560,apache-flink
561,terraform
562,open-telemetry
563,java
564,neo4j
565,graphql-js
566,prometheus
567,jakarta-ee
568,cloud
569,jaeger
570,kotlin
571,grafana
572,hadoop-yarn
573,kubernetes
574,mongodb
575,react-native
576,graphql
577,golang
578,elasticsearch
579,swift
580,flutter
581,gitlab
582,bash
583,terraform
584,react
585,java
586,sentry
587,android
588,sql
589,typescript
590,docker
591,druid
592,grpc
593,aws
594,kotlin
595,mobile
596,mysql
597,gitlab-ci
598,kubernetes
599,apache-spark
600,devops
601,apache-kafka
602,git
603,mongodb
604,json
605,ios
606,protobuf
607,react-native
608,microservices
609,packer
610,go
611,golang
612,swift
613,bazel
614,javascript
615,kotlin
616,api-design
617,cloud-native
618,azure
619,reactjs
620,bash
621,terraform
622,nats-streaming-server
623,java
624,postgresql
625,nfv
626,cicd
627,ansible
628,rust
629,google-cloud-platform
630,c++
631,cassandra
632,scrum
633,kubernetes
634,paas
635,spring-boot
636,rest
637,agile
638,git
639,nosql
640,c
641,mongodb
642,ipaas
643,sdn
644,ruby
645,cockroachdb
646,iaas
647,linux
648,saas
649,identity-management
650,amazon-web-services
651,python
652,go
653,swift
654,ruby-on-rails
655,angular
656,autosar
657,azure
658,.net
659,jmeter
660,reactjs
661,postman
662,perl
663,java
664,php
665,rust
666,aspice
667,android
668,google-cloud-platform
669,sql
670,c++
671,typescript
672,javascript
673,docker
674,kotlin
675,mysql
676,r
677,selenium
678,jenkins
679,kubernetes
680,node.js
681,embedded
682,net
683,vue.js
684,rest
685,.net-core
686,nosql
687,c
688,cucumber
689,mongodb
690,c#
691,ruby
692,ios
693,react-native
694,ethernet
695,amazon-web-services
696,python
697,go
698,node.js
699,angular
700,c++
701,javascript
702,java
703,c
704,adobe
705,nlp
706,cybersecurity
707,azure
708,.net
709,google
710,sapui5
711,computer-vision
712,security
713,hybris
714,aws
715,abap
716,virtualization
717,blockchain
718,concur
719,sd
720,salesforce
721,fieldglass
722,scientist
723,aemcq
724,processing
725,ibm
726,peoplesoft
727,visualization
728,virtual
729,digital
730,ariba
731,plsql
732,bibw
733,rms
734,bpc
735,hardware
736,ui5
737,platform
738,machine
739,ems
740,microsoft
741,technology
742,artificial-intelligence
743,software
744,server
745,engagement
746,architect
747,erp
748,modelling
749,language
750,fiori
751,ssas
752,netsuite
753,ssrs
754,network
755,management
756,natural
757,ssis
758,realityvirtual
759,analytics
760,tokenization
761,engineer
762,sap
763,agents
764,augmented-reality
765,system
766,enovia
767,java
768,successfactors
769,hana
770,sharepoint
771,epm
772,cloud
773,s4
774,oracle
775,bigdata
776,deep-learning
777,augmented
778,ms-access
779,coupa
780,ruby-on-rails-4
781,angularjs
782,workday
783,development
784,moq
785,azure
786,idam
787,.net
788,sap
789,visual-studio
790,css3
791,python-2.7
792,soa
793,db2
794,java
795,workflow
796,maven
797,cicd
798,azure-cosmosdb
799,php
800,jakarta-ee
801,jdbc
802,nunit
803,sql
804,cloud
805,proc-sql
806,.netc
807,javascript
808,webpack
809,wsinodejs
810,spring
811,alteryx
812,visual-c++
813,epic
814,apigee
815,mysql
816,jenkins
817,mean-stack
818,node.js
819,struts
820,chef-infra
821,devops
822,powerbi
823,mulesoft
824,vstsvisual
825,sail
826,junit
827,robotics
828,stored
829,appian
830,git
831,nosql
832,ant
833,html5
834,c#
835,boomi
836,salesforce
837,ios
838,layer
839,kong
840,artificial-intelligence
841,bpm
842,ssis
843,gradle
844,ado
845,tfs
846,database-design
847,data
848,python
849,puppet
850,workday
851,c#
852,redis
853,elasticsearch
854,javascript
855,jquery
856,asp.net-mvc
857,sql-server
858,golang
859,swift
860,.net
861,node
862,reactjs
863,asp.net
864,terraform
865,java
866,tensorflow
867,sql
868,c++
869,typescript
870,javascript
871,docker
872,kotlin
873,r
874,kubernetes
875,node.js
876,rails
877,vue.js
878,flask
879,spark
880,express
881,c#
882,ruby
883,scala
884,jest
885,nginx
886,on
887,django
888,amazon-web-services
889,python
890,junit-jupiter
891,swift
892,elasticsearch
893,angular
894,reactjs
895,crossplane
896,java
897,postgresql
898,machine-learning
899,neo4j
900,php
901,google-cloud-platform
902,ffmpeg
903,redux
904,javascript
905,docker
906,testrail
907,kotlin
908,mysql
909,grafana
910,selenium
911,kubernetes
912,opensearch
913,python-3.x
914,node.js
915,cdn
916,spring-boot
917,apache-kafka
918,c
919,cucumber
920,mongodb
921,json
922,ruby
923,appium
924,angularjs
925,github
926,amazon-web-services
927,python
928,go
929,swift
930,swagger
931,yarn
932,visual-studio
933,jwt
934,npm
935,sql-server
936,postgresql
937,prometheus
938,redis
939,tsql
940,typescript
941,objective-c
942,docker
943,javascript
944,web
945,kotlin
946,openid-connect
947,ecmascript-harmony
948,kubernetes
949,node.js
950,hugo
951,git
952,confluent
953,json
954,c#
955,ruby
956,scala
957,android-3.0-honeycomb
958,datadog
959,kafka
960,cosmos
961,oauth
962,go
963,openapi
964,nodejs
965,nlp
966,azure
967,.net
968,next.js
969,reactjs
970,mlai
971,react
972,postgresql
973,cicd
974,android
975,c++
976,typescript
977,redux
978,javascript
979,docker
980,cloud
981,aws
982,grafana
983,kubernetes
984,devops
985,k8s
986,d3.js
987,c#
988,ios
989,angularjs
990,core
991,java
992,hadoop
993,ansible
994,jakarta-ee
995,amazon-redshift
996,javascript
997,kibana
998,oracle
999,spring
1000,rabbitmq
1001,kubernetes
1002,node.js
1003,chef-infra
1004,powerbi
1005,elk
1006,spring-boot
1007,essbase
1008,teradata
1009,aws-rds
1010,cucumber
1011,json
1012,cloudfoundry-uaa
1013,amazon-rds
1014,tableau-api
1015,nexus
1016,gemfire
1017,angularjs
1018,logstash
1019,gradle
1020,cloud-foundry
1021,qlikview
1022,github
1023,java
1024,hadoop
1025,ansible
1026,jakarta-ee
1027,amazon-redshift
1028,kibana
1029,oracle
1030,spring
1031,rabbitmq
1032,kubernetes
1033,node.js
1034,chef-infra
1035,powerbi
1036,elk
1037,spring-boot
1038,essbase
1039,teradata
1040,aws-rds
1041,cucumber
1042,json
1043,cloudfoundry-uaa
1044,amazon-rds
1045,tableau-api
1046,nexus
1047,gemfire
1048,angularjs
1049,logstash
1050,gradle
1051,cloud-foundry
1052,qlikview
1053,github
1054,c#
1055,node.js
1056,google-cloud-platform
1057,typescript
1058,azure
1059,javascript
1060,.net
1061,aws
1062,terraform
1063,react
1064,kubernetes
1065,angular
1066,docker
1067,spring
1068,git
1069,terraform
1070,amazon-web-services
1071,react
1072,java
1073,maven
1074,jenkins
1075,kubernetes
1076,swift
1077,sap
1078,java
1079,maven
1080,android
1081,docker
1082,spring
1083,kotlin
1084,git-flow
1085,kubernetes
1086,node.js
1087,soap
1088,vue.js
1089,junit
1090,git
1091,salesforce
1092,ios
1093,microservices
1094,amazon-web-services
1095,android-studio
1096,microstrategy
1097,c#
1098,c++
1099,.net
1100,java
1101,sql-server
1102,angular
1103,azure
1104,powershell
1105,.net
1106,perl
1107,xml
1108,react
1109,java
1110,c++
1111,typescript
1112,javascript
1113,spring
1114,sap-commerce-cloud
1115,devops
1116,spring-boot
1117,rest
1118,apache-kafka
1119,react-redux
1120,c
1121,azure-api-management
1122,c#
1123,wpf
1124,scala
1125,amazon-web-services
1126,python
1127,swift
1128,golang
1129,ruby-on-rails
1130,flutter
1131,reactjs
1132,terraform
1133,java
1134,php
1135,salesforce-lightning
1136,android
1137,javascript
1138,tornado
1139,docker
1140,kotlin
1141,selenium
1142,kubernetes
1143,node.js
1144,cucumber
1145,css
1146,salesforce
1147,ios
1148,react-native
1149,html
1150,django
1151,angularjs
1152,amazon-web-services
1153,python
1154,golang
1155,swift
1156,sap
1157,.net
1158,bash
1159,dart
1160,java
1161,php
1162,android
1163,typescript
1164,docker
1165,javascript
1166,abap
1167,kotlin
1168,kubernetes
1169,vue.js
1170,c#c++
1171,ios
1172,kafka
1173,angularjs
1174,python
1175,go
1176,elasticsearch
1177,flutter
1178,odata
1179,sonarqube
1180,azure
1181,bootstrap-5
1182,nuget
1183,.net
1184,postman
1185,oauth-2.0
1186,reactjs
1187,asp.net
1188,npm
1189,java
1190,sql-server
1191,aspose
1192,postgresql
1193,cqrs
1194,scss-mixins
1195,winforms
1196,dynatrace
1197,jakarta-ee
1198,knockout.js
1199,google-cloud-platform
1200,reporting-services
1201,c++
1202,outsystems
1203,sql
1204,docker
1205,javascript
1206,typescript
1207,tsql
1208,spring
1209,power-automate
1210,cobol
1211,rabbitmq
1212,xunit
1213,openid-connect
1214,selenium
1215,azure-devops
1216,kubernetes
1217,ibm-cloud
1218,powerbi
1219,sap-successfactors
1220,snowflake-cloud-data-plat
1221,windows-server
1222,jquery
1223,domain-driven-design
1224,.net-core
1225,tdd
1226,git
1227,blueprism
1228,visual-studio-code
1229,xamarin
1230,webapi
1231,css
1232,x++
1233,salesforce
1234,c#
1235,ranorex
1236,workflow-foundation
1237,shuttle
1238,signalr
1239,model-view-controller
1240,tableau-api
1241,html
1242,amazon-web-services
1243,core
1244,c#
1245,user-interface
1246,angular
1247,user-experience
1248,devops
1249,vue
1250,azure
1251,javascript
1252,docker
1253,.net
1254,boot
1255,kubernetes
1256,spring
1257,agile
1258,aws
1259,react
1260,java
1261,core
1262,.net
1263,bpmn
1264,xml
1265,soa
1266,java
1267,cisco
1268,postgresql
1269,maven
1270,jboss
1271,windows
1272,php
1273,symfony
1274,apache
1275,sharepoint
1276,sql
1277,cloud
1278,javascript
1279,oracle
1280,solaris
1281,eclipse
1282,git
1283,openshift
1284,c#
1285,juniper
1286,linux
1287,redhat
1288,angular
1289,azure
1290,cicd
1291,cypress
1292,android
1293,sql
1294,javascript
1295,mysql
1296,azure-devops
1297,node.js
1298,jquery
1299,vue.js
1300,rest
1301,.net-core
1302,css
1303,mongodb
1304,c#
1305,ios
1306,html
1307,amazon-web-services
1308,python
1309,swift
1310,angular
1311,nodejs
1312,flutter
1313,backend
1314,dart
1315,react
1316,java
1317,android
1318,cloud
1319,typescript
1320,javascript
1321,spring
1322,kotlin
1323,mobile
1324,scrum
1325,vue.js
1326,spring-boot
1327,junit
1328,cucumber
1329,ios
1330,kanban
1331,testing
1332,datenbanken
1333,java-17
1334,swagger
1335,angular
1336,nodejs
1337,azure
1338,.net
1339,gitlab
1340,babel
1341,rancher
1342,terraform
1343,react
1344,java
1345,cicd
1346,sql
1347,mobilefirstdesign
1348,typescript
1349,javascript
1350,webpack
1351,docker
1352,azurenetworking
1353,kotlin
1354,selenium
1355,kubernetes
1356,soap
1357,devops
1358,apis
1359,bizzdesign
1360,rest
1361,cucumber
1362,css
1363,c#
1364,quarkus
1365,aks
1366,jest
1367,html
1368,graphql
1369,openapi
1370,dynamics-crm
1371,azure-application-insight
1372,oracleforms
1373,angular
1374,azure
1375,powershell
1376,.net
1377,reactjs
1378,azureservicebus
1379,dynamics-al
1380,azure-cognitive-services
1381,java
1382,sql-server
1383,postgresql
1384,azure-cosmosdb
1385,azure-active-directory
1386,microsoft365
1387,sql
1388,c++
1389,javascript
1390,oracle-soa
1391,oracle
1392,mysql
1393,xunit
1394,azure-devops
1395,azure-eventhub
1396,azure-appservice
1397,f#
1398,azure-keyvault
1399,azure-api-management
1400,mariadb
1401,azure-logic-apps
1402,microfocus
1403,c#
1404,azure-sql-server
1405,weblogic
1406,dynamics-business-central
1407,zabbix
1408,python
1409,c#
1410,swift
1411,angular
1412,c++
1413,typescript
1414,azure
1415,javascript
1416,cuda
1417,qt
1418,artificial-intelligence
1419,reactjs
1420,unity3d
1421,go
1422,c
1423,python
1424,machine-learning
1425,matlab
1426,tensorflow
1427,jupyter
1428,adobe
1429,angular
1430,anaconda
1431,apex
1432,azure
1433,.net
1434,terraform-provider-azure
1435,ping
1436,terraform
1437,db2
1438,java
1439,sql-server
1440,postgresql
1441,hadoop
1442,azure-cosmosdb
1443,redis
1444,apache
1445,aem
1446,sql
1447,typescript
1448,javascript
1449,docker
1450,oracle
1451,spring
1452,azure-devops
1453,kubernetes
1454,node.js
1455,hbase
1456,apache-spark
1457,apache-kafka
1458,git
1459,express
1460,mongodb
1461,salesforce
1462,c#
1463,azure-synapse
1464,hive
1465,django
1466,identity-management
1467,oauth
1468,github
1469,python
1470,ionic-framework
1471,analytics
1472,sql
1473,azure
1474,javascript
1475,encoding
1476,jquery
1477,artificial-intelligence
1478,robotics
1479,sap
1480,data-science
1481,computer-science
1482,amazon-web-services
1483,python
1484,c#
1485,spice
1486,system-verilog
1487,c++
1488,verilog
1489,framemaker
1490,tcl
1491,icc
1492,vhdl
1493,hbm
1494,dita
1495,uvm
1496,apr
1497,unix
1498,java
1499,c
1500,python
1501,dft
1502,node.js
1503,ruby
1504,swift
1505,golang
1506,typescript
1507,javascript
1508,mks
1509,terraform
1510,amazon-web-services
1511,java
1512,postgresql
1513,kubernetes
1514,swift
1515,mongodb-query
1516,rust
1517,c++
1518,typescript
1519,javascript
1520,mongoose
1521,.net
1522,reactjs
1523,dart
1524,kotlin
1525,c++17
1526,java
1527,python
1528,go
1529,mongodb
1530,node.js
1531,hbase
1532,backbone.js
1533,riak
1534,cc++
1535,objective-c
1536,javascript
1537,marko
1538,jquery
1539,jenkins
1540,cocoa
1541,css3
1542,cassandra
1543,java
1544,c
1545,python
1546,hadoop
1547,html5
1548,swift
1549,elasticsearch
1550,tidb
1551,java
1552,redis
1553,android
1554,typescript
1555,kibana
1556,javascript
1557,jira
1558,load-balancing
1559,kotlin
1560,rds
1561,jenkins
1562,kubernetes
1563,restfulapi
1564,spring-boot
1565,scramble
1566,apache-kafka
1567,agile
1568,git
1569,aurora
1570,ios
1571,scala
1572,datadog
1573,microservices
1574,github
1575,amazon-web-services
1576,python
1577,go
1578,continuous-deployment
1579,angular
1580,azure
1581,sap
1582,.net
1583,terraform
1584,java
1585,sql-server
1586,ansible
1587,php
1588,google-cloud-platform
1589,cloud
1590,javascript
1591,spring
1592,magento
1593,bigdata
1594,cloudformation
1595,devops
1596,powerbi
1597,crm
1598,wordpress
1599,sre
1600,arm
1601,devsecops
1602,angularjs
1603,view
1604,amazon-web-services
1605,python
1606,oracle-cloud-infrastructu
1607,publish-subscribe
1608,celery
1609,terraform
1610,java
1611,postgresql
1612,ansible
1613,redis
1614,android
1615,google-cloud-platform
1616,sql
1617,typescript
1618,docker
1619,javascript
1620,github-actions
1621,rabbitmq
1622,circleci
1623,gitlab-ci
1624,jenkins
1625,kubernetes
1626,.net-6.0
1627,node.js
1628,fetch-api
1629,flask
1630,.net-core
1631,nosql
1632,c#
1633,ios
1634,scala
1635,algolia
1636,datadog
1637,amazon-web-services
1638,python
1639,elasticsearch
1640,ruby-on-rails
1641,nlp
1642,angular
1643,.net
1644,perl
1645,java
1646,postgresql
1647,machine-learning
1648,hadoop
1649,tensorflow
1650,ansible
1651,php
1652,apache
1653,redis
1654,android
1655,sql
1656,c++
1657,cloud
1658,typescript
1659,javascript
1660,docker
1661,go
1662,mysql
1663,chef
1664,kubernetes
1665,bigdata
1666,solr
1667,node.js
1668,hbase
1669,lucene
1670,apache-spark
1671,haskell
1672,apache-kafka
1673,openstack
1674,c
1675,html5
1676,c#
1677,ruby
1678,ios
1679,open-source
1680,scala
1681,linux
1682,python
1683,puppet
1684,node.js
1685,serverless-framework
1686,express
1687,confluence
1688,react-hooks
1689,typescript
1690,webpack
1691,jira
1692,flask
1693,gitlab
1694,reactjs
1695,serverless
1696,postman
1697,amazon-web-services
1698,python
1699,go
1700,solid-principles
1701,framer-motion
1702,azure
1703,powershell
1704,.net
1705,asp.net
1706,cqrs
1707,babeljs
1708,redux
1709,typescript
1710,docker
1711,webpack
1712,yarnpkg
1713,azure-devops
1714,kubernetes
1715,node.js
1716,domain-driven-design
1717,.net-core
1718,git
1719,mongodb
1720,jestjs
1721,c#
1722,sass
1723,wpf
1724,event-sourcing
1725,react-hooks
1726,css-in-js
1727,teamcity
1728,angular
1729,azure
1730,.net
1731,asp.net
1732,services
1733,react
1734,sharepoint
1735,android
1736,sql
1737,framework
1738,javascript
1739,web
1740,databricks
1741,powerbi
1742,devops
1743,wcf
1744,net
1745,jquery
1746,rest
1747,agile
1748,sitecore
1749,css
1750,c#
1751,ios
1752,api
1753,razor
1754,html
1755,core
1756,infrastructure-as-code
1757,swift
1758,reactjs
1759,oauth-2.0
1760,terraform
1761,java
1762,ansible
1763,android
1764,sql
1765,c++
1766,cloud
1767,objective-c
1768,javascript
1769,docker
1770,security
1771,nativescript
1772,kotlin
1773,message-queue
1774,openid
1775,kubernetes
1776,c
1777,d3.js
1778,elastic-stack
1779,ios
1780,react-native
1781,microservices
1782,amazon-web-services
1783,python
1784,go
1785,swift
1786,rust
1787,android
1788,cloud
1789,c++
1790,objective-c
1791,javascript
1792,algorithm
1793,artificial-intelligence
1794,deep-learning
1795,go
1796,angularjs
1797,kotlin
1798,data-structures
1799,java
1800,python
1801,machine-learning
1802,tensorflow
1803,elasticsearch
1804,angular
1805,gitlab
1806,reactjs
1807,java
1808,google-cloud-platform
1809,javascript
1810,docker
1811,oracle
1812,spring
1813,mysql
1814,jenkins
1815,kubernetes
1816,solr
1817,node.js
1818,postgresql-9.1
1819,lucene
1820,apache-spark
1821,drupal
1822,clickhouse
1823,mongodb
1824,scala
1825,tomcat
1826,wordpress
1827,servicenow
1828,github
1829,amazon-web-services
1830,python
1831,data-distribution-service
1832,embedded-linux
1833,angular
1834,http
1835,azure
1836,gitlab
1837,reactjs
1838,java
1839,machine-learning
1840,cicd
1841,rust
1842,c++
1843,cloud
1844,typescript
1845,javascript
1846,security
1847,docker
1848,mqtt
1849,kubernetes
1850,rest
1851,real-time
1852,opc-ua
1853,c
1854,c#
1855,node-red
1856,python
1857,iot
1858,artificial-intelligence
1859,github
1860,vmware
1861,amazon-web-services
1862,industrial
1863,go
1864,c#
1865,dapr
1866,ceph
1867,sql
1868,typescript
1869,javascript
1870,docker
1871,.net
1872,reactjs
1873,agile
1874,asp.net-mvc
1875,java
1876,kubernetes
1877,node.js
1878,scala
1879,apache-spark
1880,apache-kafka
1881,clojure
1882,reactjs
1883,clojurescript
1884,python
1885,kubernetes
1886,c#
1887,devops
1888,sql
1889,c++
1890,typescript
1891,data-science
1892,javascript
1893,azure
1894,linux
1895,java
1896,c
1897,python
1898,bigdata
1899,windows
1900,c#
1901,sql
1902,azure
1903,javascript
1904,docker
1905,pandas
1906,numpy
1907,flask
1908,jenkins
1909,django
1910,git
1911,amazon-web-services
1912,java
1913,python
1914,swagger
1915,angular
1916,lua
1917,azure
1918,bash
1919,reactjs
1920,java
1921,postgresql
1922,php
1923,google-cloud-platform
1924,c++
1925,typescript
1926,javascript
1927,docker
1928,kotlin
1929,rabbitmq
1930,mysql
1931,grafana
1932,kubernetes
1933,vue.js
1934,spring-boot
1935,c
1936,mariadb
1937,openshift
1938,c#
1939,teamcity
1940,amazon-web-services
1941,python
1942,go
1943,mainframe
1944,msbi
1945,azure
1946,.net
1947,reactjs
1948,azureservicebus
1949,terraform
1950,cicd
1951,cypress
1952,azure-cosmosdb
1953,sql
1954,typescript
1955,javascript
1956,docker
1957,selenium
1958,kubernetes
1959,node.js
1960,databricks
1961,.net-core
1962,git
1963,material-ui
1964,css
1965,c#
1966,html
1967,arcgis
1968,perl
1969,bash
1970,asp.net
1971,java
1972,matlab
1973,hadoop
1974,nutanix
1975,php
1976,sharepoint
1977,sql
1978,c++
1979,docker
1980,javascript
1981,oracle
1982,r
1983,jenkins
1984,kubernetes
1985,cyber-ark
1986,chef-infra
1987,hyper-v
1988,amazon-ec2
1989,splunk
1990,git
1991,css
1992,ruby
1993,docker-compose
1994,tableau-api
1995,linux
1996,html
1997,python
1998,puppet
1999,palantir-foundry
2000,c#
2001,php
2002,web-services
2003,laravel
2004,.net
2005,microservices
2006,kubernetes
2007,oop
2008,mysql
2009,amazon-web-services
2010,go
2011,json
2012,elasticsearch
2013,adobe
2014,angular
2015,nlp
2016,amazon-s3
2017,reactjs
2018,amazon-emr
2019,e-commerce
2020,java
2021,amazon-aurora
2022,machine-learning
2023,hadoop
2024,aem
2025,amazon-redshift
2026,sql
2027,computer-vision
2028,javascript
2029,docker
2030,oracle
2031,spring
2032,alteryx
2033,apigee
2034,mysql
2035,natural-language-processi
2036,r
2037,azure-devops
2038,kubernetes
2039,bigdata
2040,amazon-athena
2041,apache-spark
2042,amazon-ec2
2043,snowflake-cloud-data-plat
2044,amazon-dynamodb
2045,spring-boot
2046,rest
2047,akka
2048,apache-kafka
2049,elk
2050,aws-iot
2051,amazon-kinesis
2052,salesforce
2053,scala
2054,aws-lambda
2055,amazon-rds
2056,tableau-api
2057,iot
2058,microservices
2059,aws-glue
2060,amazon-web-services
2061,python
2062,user-experience
2063,web-development-server
2064,.net
2065,xml
2066,shell
2067,backend
2068,java
2069,sql
2070,c++
2071,javascript
2072,scrum
2073,node.js
2074,frontend
2075,rally
2076,web-applications
2077,agile
2078,git
2079,c
2080,css
2081,html5
2082,c#
2083,ruby
2084,database
2085,agile-project-management
2086,web-services
2087,linux
2088,html
2089,programming
2090,python
2091,nlp
2092,neural-network
2093,java
2094,software-design
2095,infrastructure
2096,machine-learning
2097,sql
2098,cloud
2099,c++
2100,data-science
2101,javascript
2102,mobile
2103,natural-language-processi
2104,bigdata
2105,devops
2106,deep-learning
2107,microservices
2108,artificial-intelligence
2109,processing
2110,python
2111,rust
2112,open-source
2113,typescript
2114,cryptography
2115,hashicorp-vault
2116,encryption
2117,elixir
2118,oauth-2.0
2119,saas
2120,terraform
2121,amazon-web-services
2122,kubernetes
2123,swift
2124,java-17
2125,dagger-2
2126,reactjs
2127,terraform
2128,java
2129,postgresql
2130,spring-mvc
2131,typescript
2132,docker
2133,rxjs
2134,spring
2135,kotlin
2136,rabbitmq
2137,travis-ci
2138,kubernetes
2139,spring-boot
2140,rest
2141,mongodb
2142,kops
2143,stripe-payments
2144,react-native
2145,angularjs
2146,snowplow
2147,etl
2148,amazon-web-services
2149,python
2150,snowflake-sql
2151,elasticsearch
2152,ruby-on-rails
2153,xml
2154,reactjs
2155,css3
2156,rspec
2157,redis
2158,apache
2159,android
2160,typescript
2161,javascript
2162,mysql
2163,rails
2164,jquery
2165,tdd
2166,git
2167,haml
2168,json
2169,html5
2170,ruby
2171,sass
2172,ios
2173,automated-tests
2174,testing
2175,microservices
2176,nginx
2177,python
2178,go
2179,continious-integration
2180,jms
2181,jakarta-ee
2182,powerbi
2183,microsoft-cognitive
2184,jquery
2185,oracle
2186,spring
2187,reactjs
2188,next.js
2189,activemq
2190,maven
2191,git
2192,amazon-web-services
2193,nosql
2194,java
2195,sql-server
2196,python
2197,css
2198,c#
2199,java-ee
2200,delphi
2201,c++
2202,maven
2203,jenkins
2204,linux
2205,agile
2206,oop
2207,scrum
2208,unix
2209,java
2210,c
2211,python
2212,jboss
2213,swift
2214,angular
2215,sd-wan
2216,azure
2217,react
2218,java
2219,cisco
2220,hadoop
2221,ansible
2222,apache
2223,android
2224,f5
2225,javascript
2226,jira
2227,oracle
2228,jenkins
2229,kubernetes
2230,informatica-powercenter
2231,powerbi
2232,net
2233,splunk
2234,.net-core
2235,apache-kafka
2236,spark
2237,c#
2238,ferryt
2239,confluence
2240,testlink
2241,nsx-t
2242,microsoft
2243,teamcity
2244,vmware
2245,amazon-web-services
2246,mssql
2247,infrastructure-as-code
2248,cloudformation
2249,datadog
2250,azure
2251,java
2252,serverless
2253,github-actions
2254,terraform
2255,github
2256,argocd
2257,amazon-web-services
2258,python
2259,kubernetes
2260,cicd
2261,c#
2262,node.js
2263,azure-cosmosdb
2264,redis
2265,angular
2266,api
2267,python
2268,unit-testing
2269,typescript
2270,azure
2271,microservices
2272,.net
2273,azureservicebus
2274,asp.net-core
2275,azure-devops
2276,mongodb
2277,azure-queues
2278,swift
2279,.netcore
2280,android
2281,gke
2282,kubernetes-helm
2283,ocp
2284,javascript
2285,gcp
2286,.net
2287,docker
2288,vue.js
2289,node
2290,reactjs
2291,aws
2292,terraform
2293,node.js
2294,ruby
2295,jquery-ui
2296,redux
2297,snowflake-cloud-data-plat
2298,javascript
2299,jquery
2300,kafka
2301,reactjs
2302,clojure
2303,amazon-web-services
2304,postgresql
2305,kubernetes
2306,mongodb
2307,hangouts-chat
2308,azure
2309,methodologies
2310,.net
2311,google-app-engine
2312,python-2.7
2313,google-cloud-platform
2314,sql
2315,proc-sql
2316,javascript
2317,security
2318,bots
2319,spring
2320,backed
2321,alteryx
2322,visual-c++
2323,node.js
2324,powerbi
2325,robotics
2326,stored
2327,appian
2328,chatbot
2329,test
2330,microsoft-graph-api
2331,google-sheets
2332,continuous-integration
2333,salesforce
2334,c#
2335,google-chrome
2336,kong
2337,oriented
2338,gradle
2339,mapping
2340,idam
2341,db2
2342,workflow
2343,webpack
2344,sharp
2345,apigee
2346,mysql
2347,jenkins
2348,excel
2349,mean-stack
2350,struts
2351,platform
2352,ui-automation
2353,gulp
2354,devops
2355,sail
2356,architecture
2357,git
2358,google-apps-script
2359,nosql
2360,computer
2361,html5
2362,ios
2363,service
2364,ms
2365,artificial-intelligence
2366,moq
2367,database-design
2368,data
2369,amazon-web-services
2370,lifecycle
2371,developers
2372,windows-installer
2373,ibm-bpm
2374,androiddesignsupport
2375,maven
2376,records
2377,architect
2378,search
2379,chef-infra
2380,junit
2381,ant
2382,solution
2383,management
2384,layer
2385,tableau-api
2386,bpm
2387,ssis
2388,python
2389,nunit
2390,user-experience
2391,hibernate
2392,development
2393,sap
2394,automation
2395,visual-studio
2396,css3
2397,soa
2398,system
2399,java
2400,projectservicenow
2401,cicd
2402,azure-cosmosdb
2403,php
2404,jakarta-ee
2405,implementation
2406,jdbc
2407,wsinodejs
2408,.netc
2409,cloud
2410,oracle
2411,tableau-desktop
2412,governance
2413,mulesoft
2414,vstsvisual
2415,application
2416,ms-access
2417,penetration
2418,tfs
2419,ado
2420,puppet
2421,integration-testing
2422,workday
2423,c#
2424,angular
2425,soap
2426,sql
2427,cloud
2428,c++
2429,ai
2430,iot
2431,security
2432,javascript
2433,rest
2434,spring
2435,.net
2436,html
2437,abap
2438,kotlin
2439,java
2440,python
2441,c#
2442,sql
2443,azure
2444,.net
2445,apigee
2446,swift
2447,flutter
2448,reactjs
2449,functional-programming
2450,rust
2451,android
2452,amazon-redshift
2453,typescript
2454,objective-c-blocks
2455,distributed-system
2456,nrwl-nx
2457,kotlin
2458,mobile
2459,kubernetes
2460,akka
2461,serverless
2462,ios
2463,scala
2464,aws-lambda
2465,slick
2466,vite
2467,android-jetpack
2468,amazon-web-services
2469,python
2470,go
2471,graphql
2472,swift
2473,elasticsearch
2474,angular
2475,aop
2476,hibernate
2477,xml
2478,perl
2479,db2
2480,java
2481,maven
2482,postgresql
2483,plsql
2484,jboss
2485,websphere
2486,hadoop
2487,jms
2488,netbeans
2489,apache
2490,redis
2491,ajax
2492,sql
2493,c++
2494,javascript
2495,ejb
2496,jira
2497,oracle
2498,kotlin
2499,cassandra
2500,java-8
2501,mysql
2502,bootstrap
2503,selenium
2504,jpa
2505,jquery
2506,junit
2507,rest
2508,spring-boot
2509,eclipse
2510,git
2511,intellij-idea
2512,c
2513,cucumber
2514,css
2515,mongodb
2516,json
2517,c#
2518,jersey
2519,ruby
2520,glassfish
2521,tomcat
2522,tosca
2523,html
2524,angularjs
2525,github
2526,sketch-3
2527,python
2528,azure
2529,.net
2530,terraform
2531,java
2532,cicd
2533,sql
2534,docker
2535,javascript
2536,aws
2537,jenkins
2538,kubernetes
2539,node.js
2540,devops
2541,gcp
2542,asp.net-core
2543,css
2544,c#
2545,microservices
2546,html
2547,python
2548,elasticsearch
2549,angular
2550,reactjs
2551,google-cloud-pubsub
2552,java
2553,postgresql
2554,cypress
2555,google-cloud-platform
2556,typescript
2557,docker
2558,javascript
2559,kotlin
2560,scrum
2561,selenium
2562,kubernetes
2563,spring-boot
2564,google-bigquery
2565,cucumber
2566,mongodb
2567,sass
2568,microservices
2569,go
2570,elasticsearch
2571,angular
2572,amazon-s3
2573,.net
2574,gitlab
2575,reactjs
2576,postman
2577,amazon-emr
2578,asp.net
2579,sam
2580,amazon-aurora
2581,aws-aurora-serverless
2582,cypress
2583,apache
2584,glue-crawler
2585,severless
2586,pact.js
2587,amazon-redshift
2588,typescript
2589,snowflake-task
2590,javascript
2591,webpack
2592,airflow-scheduler
2593,aws
2594,snowflake-schema
2595,amazon-kinesis-analytics
2596,gitlab-ci
2597,amazon-athena
2598,syntax
2599,tableau-desktop
2600,node.js
2601,endpoint
2602,snowflake-cloud-data-plat
2603,frameworks
2604,aws-lambda-edge
2605,vue.js
2606,amazon-dynamodb
2607,vuex
2608,serverless
2609,amazon-eks
2610,amazon-kinesis
2611,elastic-stack
2612,jestjs
2613,c#
2614,sass
2615,postcss
2616,aws-lambda
2617,aws-appsync
2618,hygen
2619,tableau-api
2620,aws-glue-data-catalog
2621,aws-glue
2622,aws-fargate
2623,scss
2624,amazon-web-services
2625,aws-dms
2626,graphql
2627,spring-data-elasticsearch
2628,reactjs
2629,java
2630,maven
2631,postgresql
2632,typescript
2633,docker
2634,javascript
2635,spring
2636,kotlin
2637,mysql
2638,kubernetes
2639,junit
2640,rest
2641,apache-kafka
2642,tdd
2643,mariadb
2644,css
2645,jvm
2646,html
2647,swift
2648,java
2649,sql
2650,javascript
2651,wildfly
2652,docker
2653,jira
2654,spring
2655,kotlin
2656,selenium
2657,jenkins
2658,kubernetes
2659,soapui
2660,devops
2661,kubernetes-helm
2662,rest
2663,git
2664,confluence
2665,sql-pl
2666,linux
2667,gradle
2668,amazon-web-services
2669,python
2670,swift
2671,testautomation
2672,kiss
2673,sap-wm
2674,solid
2675,lte
2676,azure
2677,nordic
2678,ibm-doors
2679,terraform
2680,java
2681,maven
2682,windows
2683,android
2684,segger-embos
2685,c++
2686,cmake
2687,m2m
2688,spring
2689,kotlin
2690,yagni
2691,nfc
2692,sap-mm
2693,scrum
2694,selenium
2695,elastic
2696,iso13485
2697,devops
2698,sap-successfactors
2699,ble
2700,stm32
2701,misra
2702,sap-hcm
2703,spring-boot
2704,agile
2705,v-model
2706,git
2707,tdd
2708,conan
2709,iec62304
2710,c
2711,cucumber
2712,health-suite
2713,intellij
2714,c#
2715,podman
2716,ios
2717,chocolatey
2718,uml
2719,iot
2720,microservices
2721,meson
2722,appium
2723,linux
2724,cloud-foundry
2725,amazon-web-services
2726,python
2727,bluetooth
2728,catch2
2729,azure
2730,.net
2731,azure-databricks
2732,java
2733,sql-server
2734,machine-learning
2735,powerbi-datasource
2736,azure-active-directory
2737,sql
2738,cloud
2739,javascript
2740,oracle
2741,azure-devops
2742,databricks
2743,devops
2744,powerbi
2745,data-analysis
2746,power-bi-report-server
2747,azure-resource-manager
2748,agile
2749,databricks-connect
2750,sitecore
2751,daxstudio
2752,css
2753,c#
2754,agile-project-management
2755,powerbi-embedded
2756,azure-sentinel
2757,iot
2758,artificial-intelligence
2759,dax
2760,powerbi-desktop
2761,html
2762,azure-iot-hub
2763,python
2764,user-experience
2765,event-driven-design
2766,development
2767,cloud-native
2768,low-latency
2769,static-analysis
2770,bdd
2771,data-fabric
2772,dynamic-analysis
2773,java
2774,velocity
2775,typescript
2776,javascript
2777,scrum
2778,chaos
2779,data-mesh
2780,data-lineage
2781,aiml
2782,rtm
2783,observability
2784,azure-data-lake
2785,code-coverage
2786,orchestrator
2787,agile
2788,tdd
2789,nosql
2790,data-security
2791,c#
2792,container
2793,api
2794,management
2795,ai
2796,microservices
2797,performance-testing
2798,tools
2799,golang-migrate
2800,python
2801,c#
2802,ios
2803,android
2804,objective-c
2805,javascript
2806,java
2807,reactjs
2808,git
2809,xamarin
2810,sap-commerce-cloud
2811,office365
2812,azure
2813,sap
2814,s4hana
2815,vmware
2816,sap-bw
2817,magento
2818,cms
2819,.net
2820,sap
2821,gitlab
2822,fur
2823,xml
2824,jahia
2825,react
2826,java
2827,shell-scripting
2828,postgresql
2829,cicd
2830,jboss
2831,tensorflow
2832,ansible
2833,php
2834,apache
2835,symfony
2836,cloud
2837,framework
2838,docker
2839,javascript
2840,laravel
2841,security
2842,oracle
2843,voip
2844,abap
2845,ui5
2846,mysql
2847,r
2848,j2ee
2849,kubernetes
2850,sas
2851,mdm
2852,twig
2853,wan
2854,devops
2855,jpa
2856,drupal
2857,vpn
2858,automatisierung
2859,mariadb
2860,css
2861,jsf
2862,json
2863,ruby
2864,podman
2865,container
2866,collaboration
2867,react-native
2868,testing
2869,linux
2870,scss
2871,vmware
2872,python
2873,c#
2874,php
2875,r
2876,c++
2877,javascript
2878,sap
2879,pl1
2880,java
2881,python
2882,swift
2883,azure
2884,gitlab
2885,reactjs
2886,java
2887,maven
2888,postgresql
2889,machine-learning
2890,cicd
2891,sql
2892,cloud
2893,typescript
2894,objective-c
2895,javascript
2896,data-science
2897,kotlin
2898,r
2899,cloud-security
2900,kubernetes
2901,nosql
2902,swiftui
2903,mongodb
2904,nist
2905,ios
2906,artificial-intelligence
2907,github
2908,python
